name,email,gender
1,larno0@nba.com,Male
2,achate1@so-net.ne.jp,Male
3,ucordeau2@odnoklassniki.ru,Female
4,dcraythorne3@pinterest.com,Male
5,rlindback4@sogou.com,Male
6,pcommins5@cbsnews.com,Male
7,kmoye6@printfriendly.com,Female
8,bhandlin7@slashdot.org,Female
9,swestphalen8@meetup.com,Female
10,dkarolewski9@friendfeed.com,Male
11,bdrysdalea@lycos.com,Female
12,jcastrillob@miitbeian.gov.cn,Female
13,rfaraharc@umn.edu,Male
14,omacgowd@wikimedia.org,Male
15,ycopoe@webnode.com,Male
16,ajerwoodf@hp.com,Female
17,dgowlingg@noaa.gov,Female
18,bedmundsh@baidu.com,Male
19,ldillintonei@mapquest.com,Male
20,hcorssj@amazon.co.jp,Female
21,bgreatbankk@nature.com,Female
22,brawsthornel@nydailynews.com,Male
23,gdyterm@w3.org,Male
24,bthorogoodn@google.com.hk,Male
25,egregso@bravesites.com,Male
26,edudleyp@youtu.be,Female
27,vphidginq@vkontakte.ru,Female
28,vyakuntsovr@etsy.com,Female
29,sbuesdens@buzzfeed.com,Male
30,pkalderont@facebook.com,Female
31,vpopeu@shutterfly.com,Female
32,hpezeyv@cornell.edu,Male
33,mhankinsonw@tripadvisor.com,Female
34,jhaimex@vkontakte.ru,Female
35,vskittlesy@instagram.com,Female
36,vjoesburyz@un.org,Male
37,mmcwhinnie10@theguardian.com,Male
38,aferney11@mozilla.com,Female
39,cpretty12@nymag.com,Male
40,spires13@360.cn,Male
41,wshekle14@liveinternet.ru,Male
42,zcoultard15@europa.eu,Male
43,itaye16@ox.ac.uk,Female
44,tjeckells17@loc.gov,Male
45,emclaverty18@unesco.org,Female
46,acarillo19@yale.edu,Female
47,rraymond1a@reddit.com,Male
48,hburnup1b@gizmodo.com,Female
49,jspataro1c@barnesandnoble.com,Female
50,khatchman1d@ucoz.ru,Female
51,rsaunderson1e@businesswire.com,Female
52,ltissell1f@diigo.com,Male
53,nwarrick1g@census.gov,Male
54,autley1h@pbs.org,Female
55,ariggoll1i@sourceforge.net,Male
56,dziehm1j@spiegel.de,Male
57,ptrevor1k@latimes.com,Female
58,bbadcock1l@shop-pro.jp,Female
59,ebeamond1m@dion.ne.jp,Female
60,wlevin1n@dailymotion.com,Female
61,darkcoll1o@arstechnica.com,Male
62,ecastellaccio1p@nsw.gov.au,Female
63,rgidney1q@bravesites.com,Female
64,kworsfield1r@jalbum.net,Male
65,kwein1s@google.fr,Female
66,cbudcock1t@nih.gov,Male
67,lschwandner1u@sitemeter.com,Male
68,sjosefer1v@cafepress.com,Female
69,afost1w@yahoo.co.jp,Female
70,dhaughian1x@ezinearticles.com,Male
71,cleese1y@photobucket.com,Male
72,ecordel1z@bandcamp.com,Female
73,rtoth20@smh.com.au,Female
74,lkilford21@sitemeter.com,Female
75,cpetrello22@pagesperso-orange.fr,Female
76,hlucien23@nationalgeographic.com,Male
77,bshellard24@epa.gov,Female
78,bbovis25@gmpg.org,Male
79,sheakins26@wix.com,Male
80,tdumphrey27@latimes.com,Male
81,krubinowitz28@boston.com,Female
82,kchoke29@mozilla.com,Female
83,jkinchin2a@cbslocal.com,Female
84,rsteggles2b@prnewswire.com,Male
85,ahead2c@e-recht24.de,Female
86,easlett2d@auda.org.au,Female
87,atrevenu2e@qq.com,Female
88,rhammerberger2f@moonfruit.com,Female
89,fserck2g@irs.gov,Female
90,hrowcastle2h@wufoo.com,Male
91,ewombwell2i@ucla.edu,Male
92,pgayler2j@cargocollective.com,Male
93,mmollnar2k@behance.net,Female
94,zconnechie2l@quantcast.com,Female
95,sblunkett2m@sun.com,Female
96,nlyness2n@xing.com,Male
97,dbissill2o@dedecms.com,Female
98,mcornes2p@nydailynews.com,Male
99,feyres2q@liveinternet.ru,Female
100,collerenshaw2r@wiley.com,Female
101,vleavens2s@google.cn,Female
102,obaruch2t@mashable.com,Male
103,fwoakes2u@yahoo.com,Female
104,mlamprey2v@wordpress.org,Male
105,lbaxstare2w@loc.gov,Female
106,ewoodier2x@hp.com,Female
107,bjeenes2y@people.com.cn,Female
108,jgimblet2z@sun.com,Male
109,dflay30@indiatimes.com,Female
110,arisley31@washingtonpost.com,Female
111,jgrog32@liveinternet.ru,Female
112,abeacroft33@engadget.com,Female
113,lforrington34@linkedin.com,Male
114,ldawidowitz35@desdev.cn,Female
115,jmoloney36@ebay.co.uk,Male
116,jstove37@yolasite.com,Female
117,hzink38@youtu.be,Female
118,akoppe39@npr.org,Male
119,bpellman3a@blogs.com,Male
120,wurien3b@buzzfeed.com,Male
121,abigglestone3c@nationalgeographic.com,Female
122,jlimerick3d@vistaprint.com,Male
123,peverest3e@netscape.com,Female
124,bsemerad3f@msu.edu,Male
125,escuffham3g@sogou.com,Male
126,dmadner3h@bloglovin.com,Male
127,smandry3i@disqus.com,Female
128,snorthcote3j@mit.edu,Female
129,dsanches3k@zimbio.com,Male
130,jstollard3l@hhs.gov,Female
131,bburstowe3m@craigslist.org,Male
132,rvickery3n@nifty.com,Male
133,ahallsworth3o@earthlink.net,Male
134,jsopper3p@istockphoto.com,Male
135,tminot3q@state.gov,Male
136,garrigo3r@umn.edu,Male
137,ltwentyman3s@exblog.jp,Female
138,swetton3t@macromedia.com,Female
139,bharms3u@newsvine.com,Male
140,mstickney3v@google.com.au,Female
141,gdreng3w@chron.com,Male
142,mlorek3x@businessweek.com,Male
143,hpowis3y@cpanel.net,Male
144,rcowp3z@va.gov,Female
145,anicholl40@cornell.edu,Female
146,jthompsett41@redcross.org,Male
147,ebidmead42@mapquest.com,Male
148,bbrookton43@macromedia.com,Female
149,bragate44@blogspot.com,Female
150,mepelett45@deviantart.com,Male
151,pwilles46@mozilla.org,Female
152,kblaschek47@pbs.org,Male
153,cruncie48@google.co.jp,Female
154,rpougher49@cbslocal.com,Male
155,dtutchings4a@discovery.com,Female
156,yohagan4b@fotki.com,Male
157,iantonin4c@ezinearticles.com,Female
158,gbrommage4d@ftc.gov,Male
159,fmchale4e@furl.net,Male
160,wbendin4f@paginegialle.it,Male
161,hrehm4g@parallels.com,Female
162,rgebhardt4h@newyorker.com,Female
163,jmunkley4i@timesonline.co.uk,Female
164,bjenckes4j@quantcast.com,Male
165,hrodell4k@fda.gov,Male
166,bellissen4l@theatlantic.com,Female
167,rquin4m@opera.com,Male
168,lkeemar4n@kickstarter.com,Female
169,cmilbank4o@kickstarter.com,Female
170,swearne4p@behance.net,Male
171,tdorie4q@engadget.com,Female
172,aoris4r@people.com.cn,Female
173,bharland4s@mayoclinic.com,Female
174,pcordrey4t@woothemes.com,Female
175,avant4u@cbslocal.com,Female
176,fliversidge4v@domainmarket.com,Male
177,gharrisson4w@icq.com,Female
178,gtapenden4x@wix.com,Female
179,sskipworth4y@prnewswire.com,Female
180,ephilliskirk4z@illinois.edu,Female
181,vcallington50@amazon.com,Male
182,adraxford51@gnu.org,Female
183,cblight52@microsoft.com,Female
184,grablen53@elpais.com,Male
185,jceney54@pcworld.com,Female
186,lcalrow55@ocn.ne.jp,Male
187,lplayford56@eventbrite.com,Male
188,awhitmell57@bbb.org,Male
189,amangeot58@imgur.com,Female
190,arenac59@is.gd,Female
191,abroadbent5a@lycos.com,Female
192,eklaaassen5b@hexun.com,Male
193,strowill5c@epa.gov,Male
194,aevreux5d@about.me,Female
195,oramshay5e@howstuffworks.com,Female
196,rnorval5f@furl.net,Male
197,gpappin5g@purevolume.com,Male
198,hyanov5h@reddit.com,Female
199,cspieck5i@fotki.com,Female
200,fbissell5j@reddit.com,Male
201,ttumulty5k@seesaa.net,Female
202,rrainsbury5l@sitemeter.com,Male
203,dtrewinnard5m@hud.gov,Male
204,kgarrow5n@jiathis.com,Male
205,aamberger5o@un.org,Female
206,ddequincey5p@bizjournals.com,Female
207,dandre5q@prnewswire.com,Male
208,aidill5r@bloglovin.com,Male
209,aitzchaky5s@goo.gl,Female
210,rheavyside5t@mit.edu,Male
211,ystandidge5u@examiner.com,Male
212,thaskett5v@stumbleupon.com,Male
213,gbrastead5w@netlog.com,Male
214,tpetrishchev5x@nsw.gov.au,Male
215,rrillstone5y@cloudflare.com,Female
216,ncawthorn5z@opera.com,Male
217,dbarthrup60@theglobeandmail.com,Male
218,edunsford61@wisc.edu,Female
219,cgeraudy62@arizona.edu,Male
220,acasterton63@ed.gov,Male
221,ehillen64@freewebs.com,Female
222,rtolomei65@privacy.gov.au,Male
223,kmassimi66@sbwire.com,Female
224,awellesley67@rambler.ru,Male
225,ezebedee68@stumbleupon.com,Female
226,amollatt69@alibaba.com,Female
227,nborn6a@yahoo.co.jp,Male
228,cdresser6b@abc.net.au,Female
229,jrealy6c@deviantart.com,Female
230,cwalaron6d@patch.com,Male
231,mmoxson6e@reuters.com,Male
232,smccullock6f@barnesandnoble.com,Male
233,apolland6g@technorati.com,Female
234,tfaunch6h@mozilla.org,Female
235,jchasemoore6i@issuu.com,Female
236,lesser6j@tuttocitta.it,Male
237,grakestraw6k@fc2.com,Male
238,cemanulsson6l@1688.com,Female
239,pfiler6m@quantcast.com,Female
240,rguppey6n@cloudflare.com,Female
241,lcadore6o@earthlink.net,Male
242,bwythill6p@ameblo.jp,Male
243,spasterfield6q@miitbeian.gov.cn,Male
244,rryman6r@amazon.com,Female
245,btwoohy6s@xing.com,Male
246,mspruce6t@cloudflare.com,Male
247,jangric6u@who.int,Female
248,lthornborrow6v@google.co.uk,Female
249,hpembridge6w@nba.com,Male
250,rkildale6x@independent.co.uk,Male
251,hmethley6y@noaa.gov,Male
252,fbeartup6z@chicagotribune.com,Female
253,aarlott70@xrea.com,Male
254,abuick71@spotify.com,Female
255,lphythian72@uol.com.br,Male
256,kjira73@zdnet.com,Male
257,bscamaden74@google.ru,Male
258,pnewnham75@narod.ru,Female
259,tmoulson76@hubpages.com,Female
260,lmacgruer77@multiply.com,Male
261,lodriscole78@theatlantic.com,Female
262,kdighton79@nyu.edu,Male
263,bschriren7a@vistaprint.com,Male
264,mlaurenceau7b@archive.org,Female
265,cmcgettrick7c@t-online.de,Female
266,cjenton7d@phpbb.com,Male
267,mguiton7e@vkontakte.ru,Male
268,thasley7f@ebay.com,Female
269,rknightley7g@springer.com,Female
270,rcharker7h@earthlink.net,Male
271,jferrie7i@illinois.edu,Male
272,iantoinet7j@ow.ly,Male
273,nbernon7k@economist.com,Male
274,kclineck7l@time.com,Female
275,cmackean7m@wikimedia.org,Female
276,chauxby7n@123-reg.co.uk,Female
277,amargeram7o@redcross.org,Male
278,lhuertas7p@altervista.org,Male
279,vgobeau7q@comcast.net,Female
280,akenworthey7r@pagesperso-orange.fr,Female
281,aemery7s@ox.ac.uk,Male
282,kmothersdale7t@chron.com,Female
283,gfaill7u@usnews.com,Male
284,hwilloughby7v@vinaora.com,Female
285,npetrasek7w@loc.gov,Female
286,mcare7x@edublogs.org,Male
287,rdarragon7y@miibeian.gov.cn,Female
288,cdryburgh7z@craigslist.org,Male
289,lcannavan80@japanpost.jp,Male
290,rvevers81@51.la,Female
291,vmcilhagga82@princeton.edu,Male
292,lbertie83@google.es,Male
293,gohenery84@surveymonkey.com,Female
294,epenkethman85@google.cn,Male
295,lhenighan86@sfgate.com,Female
296,hruthven87@archive.org,Female
297,ltoppas88@twitter.com,Male
298,avalance89@businesswire.com,Female
299,ctremblay8a@europa.eu,Female
300,ashurrocks8b@issuu.com,Male
301,egier8c@w3.org,Male
302,mbillanie8d@fc2.com,Male
303,aionnisian8e@discuz.net,Male
304,csimonin8f@youtu.be,Male
305,blismer8g@fda.gov,Female
306,wrive8h@altervista.org,Male
307,sperkins8i@digg.com,Female
308,gkennefick8j@bigcartel.com,Female
309,mlaker8k@smugmug.com,Female
310,gwenman8l@ow.ly,Female
311,djentle8m@usa.gov,Female
312,rgravett8n@google.com.au,Male
313,ccowely8o@bloglovin.com,Male
314,onolton8p@sciencedaily.com,Female
315,dhampe8q@msn.com,Female
316,dropp8r@upenn.edu,Male
317,dpyer8s@xrea.com,Female
318,pisakov8t@foxnews.com,Female
319,jhenrionot8u@wix.com,Male
320,cmaving8v@bloglovin.com,Male
321,waberdeen8w@networkadvertising.org,Male
322,esimonou8x@vinaora.com,Female
323,bheningham8y@macromedia.com,Male
324,rhinrich8z@sciencedaily.com,Female
325,nuccello90@apache.org,Male
326,rsiveyer91@dropbox.com,Male
327,szavittieri92@github.io,Male
328,lfairley93@artisteer.com,Female
329,somarkey94@mashable.com,Female
330,isellar95@google.fr,Female
331,agarling96@apple.com,Male
332,lthorold97@newyorker.com,Male
333,rdanielovitch98@quantcast.com,Female
334,hcornelis99@merriam-webster.com,Female
335,dberisford9a@xinhuanet.com,Male
336,lflanaghan9b@webnode.com,Male
337,afriend9c@wsj.com,Female
338,mcordner9d@squidoo.com,Female
339,gpetrello9e@clickbank.net,Female
340,eormistone9f@g.co,Male
341,pleger9g@etsy.com,Male
342,aduce9h@nps.gov,Male
343,clipman9i@yale.edu,Female
344,rhaily9j@symantec.com,Female
345,apedrick9k@t-online.de,Male
346,cskeldinge9l@prlog.org,Female
347,ejustice9m@microsoft.com,Female
348,ehedau9n@eepurl.com,Male
349,hgluyas9o@ucla.edu,Female
350,mdenisovo9p@freewebs.com,Male
351,eprine9q@fc2.com,Male
352,tcasari9r@blogtalkradio.com,Male
353,lrevie9s@blogtalkradio.com,Female
354,bwilkisson9t@delicious.com,Female
355,elauritzen9u@pagesperso-orange.fr,Male
356,jenrique9v@github.com,Female
357,thawson9w@bing.com,Male
358,arouse9x@economist.com,Female
359,lroxbee9y@myspace.com,Female
360,bharkin9z@tuttocitta.it,Male
361,hbarlesa0@vistaprint.com,Male
362,ewrintmorea1@behance.net,Male
363,cocannona2@baidu.com,Male
364,mdibbena3@mediafire.com,Female
365,ncastiglionia4@chronoengine.com,Male
366,denda5@xrea.com,Female
367,msyphasa6@bigcartel.com,Male
368,lmaidstonea7@geocities.com,Female
369,kfeatherstonehaugha8@dagondesign.com,Male
370,ajochensa9@fastcompany.com,Male
371,rvannucciaa@technorati.com,Male
372,laspreyab@jimdo.com,Female
373,pberrisfordac@nba.com,Male
374,mbartoliad@prweb.com,Female
375,dbabbeae@reverbnation.com,Female
376,ayanukaf@timesonline.co.uk,Male
377,eirvinag@sitemeter.com,Male
378,iriveah@blinklist.com,Female
379,ktullethai@issuu.com,Female
380,abriscoaj@sun.com,Female
381,rperfordak@comsenz.com,Male
382,apenderedal@indiegogo.com,Male
383,hguineryam@auda.org.au,Female
384,rbaderan@yahoo.co.jp,Male
385,bbatsonao@shop-pro.jp,Male
386,adionisettoap@plala.or.jp,Female
387,echowneaq@mtv.com,Male
388,frobezar@amazonaws.com,Male
389,nrennebeckas@hatena.ne.jp,Male
390,feggarat@mit.edu,Male
391,pkoppenau@bizjournals.com,Male
392,nbeeverav@printfriendly.com,Female
393,bdidomenicoaw@oakley.com,Female
394,dshovellerax@sciencedaily.com,Female
395,psymmonsay@independent.co.uk,Male
396,tlovegroveaz@surveymonkey.com,Male
397,bslocombb0@goo.gl,Female
398,cmcgrearyb1@goo.ne.jp,Male
399,ldevilb2@mapy.cz,Male
400,wmcruvieb3@feedburner.com,Female
401,mbauduinb4@microsoft.com,Male
402,ggovanb5@altervista.org,Male
403,mcaponb6@creativecommons.org,Female
404,njewisb7@dot.gov,Male
405,cmoseleyb8@multiply.com,Male
406,cboundsb9@yale.edu,Male
407,hivanusyevba@devhub.com,Male
408,dcrowchbb@naver.com,Female
409,fgadsdenbc@upenn.edu,Male
410,lbownessbd@reuters.com,Female
411,belcebe@boston.com,Female
412,kyakhinbf@ameblo.jp,Female
413,lamorinebg@gmpg.org,Male
414,bmowenbh@addtoany.com,Male
415,smillhillbi@google.co.uk,Female
416,kparsandbj@moonfruit.com,Male
417,hdidomenicobk@imageshack.us,Male
418,bdumsdaybl@quantcast.com,Female
419,kvayrobm@163.com,Male
420,rculleybn@ihg.com,Male
421,vdedmambo@eventbrite.com,Female
422,dlatchbp@unesco.org,Male
423,ldadgebq@zimbio.com,Male
424,lweldbr@ted.com,Female
425,jbarajabs@arstechnica.com,Male
426,lizenbt@noaa.gov,Male
427,aduxburybu@house.gov,Male
428,rsuthernsbv@gov.uk,Female
429,zharrhybw@psu.edu,Female
430,bbalnavesbx@gizmodo.com,Female
431,lhalkyardby@ameblo.jp,Female
432,ucasinabz@adobe.com,Male
433,esagerc0@who.int,Male
434,ecrickmorec1@google.cn,Female
435,knesbyc2@cbslocal.com,Female
436,jpassec3@ehow.com,Female
437,estanfieldc4@army.mil,Female
438,lcodic5@gmpg.org,Female
439,kpleasantsc6@xing.com,Male
440,nkellandc7@studiopress.com,Female
441,hvarndallc8@mayoclinic.com,Female
442,arodrigc9@zimbio.com,Female
443,amenhcica@google.es,Female
444,vhydescb@yale.edu,Male
445,cdochertycc@ustream.tv,Male
446,fdelayglesiascd@etsy.com,Female
447,acosbyce@wiley.com,Male
448,abassillcf@printfriendly.com,Male
449,icoppencg@facebook.com,Female
450,gcortezch@nytimes.com,Female
451,vtregoningci@ihg.com,Female
452,dkennerknechtcj@vk.com,Female
453,mkeppyck@newyorker.com,Female
454,gklassmanncl@elegantthemes.com,Female
455,dneachellcm@webeden.co.uk,Male
456,cdenningtoncn@zdnet.com,Female
457,klochrieco@phpbb.com,Female
458,elinckcp@fc2.com,Male
459,gcorfieldcq@pbs.org,Female
460,ctrustycr@sitemeter.com,Male
461,fshotboultecs@goo.gl,Male
462,ggrecect@last.fm,Female
463,ghurdidgecu@nationalgeographic.com,Female
464,btebbittcv@gmpg.org,Male
465,ztemplemancw@ft.com,Male
466,bgalvancx@hugedomains.com,Male
467,jlintincy@nyu.edu,Male
468,galgeocz@bigcartel.com,Female
469,klipmannd0@pagesperso-orange.fr,Female
470,cmaccallumd1@google.ca,Male
471,glisd2@foxnews.com,Male
472,tfoaled3@baidu.com,Male
473,tgrigoryevd4@pcworld.com,Male
474,wyoudelld5@acquirethisname.com,Male
475,marmsbyd6@oakley.com,Male
476,idimockd7@nyu.edu,Male
477,llettsond8@nytimes.com,Female
478,korchardd9@bravesites.com,Female
479,vbiggansda@virginia.edu,Female
480,csturchdb@histats.com,Male
481,gferridaydc@behance.net,Female
482,adaneluttidd@xrea.com,Male
483,cknaptonde@tamu.edu,Male
484,ryappdf@quantcast.com,Male
485,shaltondg@t.co,Female
486,mgaffeydh@oracle.com,Male
487,dshelforddi@com.com,Female
488,tkeransdj@ihg.com,Male
489,yhilanddk@nsw.gov.au,Male
490,mmcfaterdl@last.fm,Male
491,cramelotdm@goo.ne.jp,Female
492,eashbeedn@mapquest.com,Female
493,mwarkupdo@samsung.com,Male
494,pizzarddp@boston.com,Male
495,jsangodq@usatoday.com,Male
496,kdebruijnedr@creativecommons.org,Male
497,tclampeds@quantcast.com,Female
498,lwaliszekdt@nps.gov,Female
499,gurwindu@youku.com,Male
500,jkilmartindv@kickstarter.com,Male
501,eyitzhakofdw@tamu.edu,Male
502,jmclennandx@miibeian.gov.cn,Male
503,gbarterdy@meetup.com,Male
504,tsurplicedz@dropbox.com,Female
505,rbeese0@cam.ac.uk,Male
506,araddane1@360.cn,Male
507,jcooppere2@dailymail.co.uk,Female
508,sfearnsidee3@telegraph.co.uk,Male
509,jhartshorne4@ask.com,Male
510,rdoylee5@mail.ru,Female
511,nnafzigere6@fotki.com,Female
512,tbowene7@canalblog.com,Male
513,cblucke8@unesco.org,Male
514,khazelhurste9@twitpic.com,Female
515,dkolodziejskiea@rambler.ru,Female
516,omateeb@usnews.com,Male
517,bpeabodyec@xrea.com,Male
518,erosgened@xinhuanet.com,Male
519,qsivesee@craigslist.org,Male
520,asonef@tmall.com,Female
521,lmarcinkuseg@hubpages.com,Female
522,jpricheteh@nytimes.com,Female
523,jlonghorneei@dropbox.com,Female
524,dfantoneej@artisteer.com,Male
525,fantoinetek@edublogs.org,Male
526,ljasparel@pen.io,Male
527,joneillem@twitter.com,Male
528,mrosseren@lulu.com,Male
529,hjeaneneteo@theatlantic.com,Male
530,cfaustep@google.pl,Male
531,rcorkelleq@4shared.com,Male
532,iwalworther@trellian.com,Male
533,clintheades@dropbox.com,Female
534,ydavidet@state.tx.us,Male
535,bmanningeu@google.com.au,Male
536,ccrewsev@infoseek.co.jp,Female
537,mcaldronew@is.gd,Female
538,jroachex@studiopress.com,Female
539,jmiddlehurstey@berkeley.edu,Female
540,iechallieez@unblog.fr,Male
541,jasplef0@ft.com,Female
542,bpahlssonf1@salon.com,Male
543,plangloisf2@eepurl.com,Female
544,dnovillf3@army.mil,Female
545,mlipmanf4@cargocollective.com,Male
546,dschistlf5@google.it,Male
547,mpaulingf6@deliciousdays.com,Male
548,dbruunf7@cargocollective.com,Female
549,avaanf8@over-blog.com,Male
550,oeckhardf9@bing.com,Male
551,vgillhespyfa@macromedia.com,Female
552,ysatterlyfb@jugem.jp,Male
553,sbaldungfc@stumbleupon.com,Male
554,lrozfd@gmpg.org,Female
555,bpaulsonfe@cdbaby.com,Female
556,jtommaseoff@mozilla.com,Female
557,kbellowsfg@prlog.org,Male
558,pgeorgievfh@yolasite.com,Female
559,cmashfi@uol.com.br,Female
560,raimerfj@cpanel.net,Male
561,bglazebrookfk@apache.org,Female
562,kfawcettfl@umn.edu,Male
563,bleyesfm@1und1.de,Female
564,twillarsfn@opensource.org,Female
565,baldersfo@wiley.com,Male
566,tkinneallyfp@cdbaby.com,Male
567,bdallossofq@hp.com,Female
568,dsheratonfr@g.co,Female
569,cethridgefs@nytimes.com,Female
570,laggusft@comcast.net,Male
571,jbeenfu@rambler.ru,Female
572,gbeertfv@ihg.com,Male
573,fhanburyfw@symantec.com,Male
574,mwillisfx@free.fr,Male
575,rwewellfy@google.cn,Female
576,hocurranefz@arizona.edu,Female
577,mpossag0@devhub.com,Female
578,pgaucheg1@nsw.gov.au,Male
579,lsivilg2@imgur.com,Female
580,mjeppsg3@weebly.com,Female
581,esaphirg4@so-net.ne.jp,Female
582,alaurenceaug5@dagondesign.com,Male
583,hbilbreyg6@list-manage.com,Female
584,palredg7@nps.gov,Female
585,ktiernyg8@ycombinator.com,Female
586,jpacherg9@woothemes.com,Male
587,dantalga@t.co,Female
588,jmillgategb@github.io,Female
589,tbolvergc@opera.com,Female
590,ghartilgd@go.com,Female
591,hjarradge@reference.com,Female
592,tyallowleygf@hc360.com,Female
593,usokalegg@theglobeandmail.com,Male
594,vambrusgh@dagondesign.com,Female
595,lsheldongi@who.int,Male
596,mstrikergj@census.gov,Female
597,bwadelingk@berkeley.edu,Male
598,mperlgl@jugem.jp,Male
599,nwhinesgm@senate.gov,Female
600,lbalselliegn@weebly.com,Female
601,jknottego@furl.net,Male
602,mliffegp@com.com,Male
603,ptuisongq@google.es,Male
604,sebbsgr@freewebs.com,Male
605,rpinelgs@printfriendly.com,Male
606,oohollegangt@plala.or.jp,Female
607,omcclarencegu@census.gov,Male
608,fmegarrygv@china.com.cn,Male
609,jboleyngw@dedecms.com,Male
610,jslackgx@ucoz.com,Male
611,fdorwardgy@slashdot.org,Male
612,aluardgz@mashable.com,Male
613,challgoughh0@dion.ne.jp,Female
614,kroullierh1@bluehost.com,Female
615,thutleyh2@altervista.org,Female
616,stollmacheh3@samsung.com,Female
617,ralbasinyh4@lycos.com,Male
618,mkybirdh5@domainmarket.com,Male
619,wmcorkilh6@dell.com,Female
620,mcaulierh7@irs.gov,Female
621,pclarah8@reuters.com,Male
622,sbummfreyh9@deliciousdays.com,Female
623,lobyrneha@com.com,Male
624,vlarkcumhb@dailymotion.com,Male
625,rbrigshawhc@zimbio.com,Female
626,sbraggerhd@yolasite.com,Male
627,ssagersonhe@telegraph.co.uk,Female
628,adeguarahf@blog.com,Female
629,rdurbridgehg@163.com,Female
630,dilymanovhh@ucsd.edu,Male
631,dwoodgatehi@bravesites.com,Male
632,creinbachhj@amazon.co.jp,Male
633,wklejinhk@globo.com,Male
634,ryanyushkinhl@dell.com,Male
635,bcowardhm@google.pl,Male
636,dralfehn@geocities.jp,Male
637,fsaizho@cafepress.com,Female
638,mgabrielhp@amazon.co.uk,Male
639,lbarnshawhq@spiegel.de,Male
640,kblainhr@mozilla.com,Male
641,ssargeaunths@is.gd,Female
642,kunderwoodht@elegantthemes.com,Female
643,bcoughlinhu@redcross.org,Female
644,gmallisonhv@unicef.org,Female
645,gfevierhw@blinklist.com,Male
646,hswannehx@illinois.edu,Male
647,ewalickihy@vkontakte.ru,Female
648,abrigstockhz@virginia.edu,Female
649,elillegardi0@google.ca,Male
650,mgilloni1@mashable.com,Male
651,dcharnocki2@washington.edu,Female
652,agammetti3@youtube.com,Female
653,tmeegani4@alibaba.com,Male
654,sblacktini5@ask.com,Male
655,jculleni6@google.cn,Female
656,jsandali7@guardian.co.uk,Female
657,mferschkei8@bandcamp.com,Male
658,lsheweni9@biblegateway.com,Female
659,nbrissetia@is.gd,Male
660,krowsonib@wordpress.org,Male
661,spesseltic@google.fr,Male
662,tpurkisid@hp.com,Female
663,sbleesie@state.tx.us,Male
664,veasterbyif@utexas.edu,Female
665,ryewmanig@e-recht24.de,Female
666,khinckleyih@yahoo.co.jp,Male
667,lfouldii@nsw.gov.au,Female
668,moadeij@webeden.co.uk,Female
669,kstewardik@ucoz.ru,Male
670,jpullingeril@newsvine.com,Female
671,gmcduffieim@berkeley.edu,Male
672,hnyssenin@netlog.com,Male
673,cjazeio@purevolume.com,Female
674,bstockbridgeip@t.co,Female
675,dpenburtoniq@usnews.com,Female
676,csprittir@so-net.ne.jp,Female
677,tlafondis@over-blog.com,Female
678,dfernleyit@printfriendly.com,Female
679,nmahargiu@blogs.com,Female
680,dkenchiv@blogs.com,Male
681,lneediw@shareasale.com,Male
682,qscolliix@phoca.cz,Male
683,nabeloviy@utexas.edu,Female
684,cdonaldsoniz@youtu.be,Female
685,ymackeegj0@so-net.ne.jp,Male
686,ccuolahanj1@behance.net,Male
687,jveiversj2@ask.com,Male
688,clightowlersj3@liveinternet.ru,Female
689,jmattinsonj4@japanpost.jp,Female
690,hblundellj5@foxnews.com,Male
691,gdamerellj6@clickbank.net,Female
692,bmurfordj7@flavors.me,Male
693,ablackledgej8@state.gov,Male
694,jgiffardj9@opensource.org,Female
695,ddeveraleja@gov.uk,Female
696,sroswarnjb@ow.ly,Male
697,ofraulojc@purevolume.com,Female
698,bwaldenjd@elpais.com,Female
699,mcasarilije@dropbox.com,Male
700,eglyssannejf@nih.gov,Female
701,afallowfieldjg@issuu.com,Female
702,krobshawjh@vistaprint.com,Male
703,rpoleji@mac.com,Male
704,cbredeejj@yahoo.co.jp,Male
705,aboshardjk@uiuc.edu,Female
706,fmarzellajl@baidu.com,Female
707,adavidovitsjm@bravesites.com,Male
708,jsussansjn@who.int,Female
709,tscothornejo@opera.com,Female
710,jtennyjp@xing.com,Female
711,nocollopyjq@merriam-webster.com,Male
712,kkaliszjr@berkeley.edu,Male
713,mupwardjs@csmonitor.com,Male
714,fharvardjt@abc.net.au,Male
715,pfahyju@list-manage.com,Male
716,efabbjv@drupal.org,Male
717,aclaibournjw@huffingtonpost.com,Female
718,ceyerjx@last.fm,Male
719,obeekejy@census.gov,Male
720,wwindowsjz@vk.com,Female
721,hwishartk0@webmd.com,Male
722,aleamank1@eventbrite.com,Female
723,mubankk2@microsoft.com,Male
724,jkrysiakk3@hhs.gov,Male
725,cloveguardk4@macromedia.com,Male
726,mlansdalek5@home.pl,Male
727,fcapellk6@hao123.com,Female
728,ncamillik7@alibaba.com,Male
729,mverrillk8@imgur.com,Female
730,elotonk9@people.com.cn,Male
731,twhereatka@cyberchimps.com,Male
732,bkarlekb@google.co.jp,Male
733,wsilverwoodkc@blogs.com,Male
734,kzaniolinikd@wired.com,Male
735,mdavenhillke@yandex.ru,Male
736,rpundkf@nsw.gov.au,Male
737,skiggelkg@chronoengine.com,Male
738,mcorlesskh@unblog.fr,Male
739,ipodmoreki@naver.com,Female
740,hdobrovolnykj@nps.gov,Male
741,dskermerkk@163.com,Female
742,achishullkl@constantcontact.com,Female
743,ogheeorghiekm@yahoo.co.jp,Male
744,cmcilvoraykn@baidu.com,Male
745,ngladdishko@pcworld.com,Male
746,ooharakp@naver.com,Male
747,acallenkq@ezinearticles.com,Female
748,kvedeshkinkr@umich.edu,Female
749,mambergks@chicagotribune.com,Male
750,ssherwillkt@irs.gov,Male
751,sdanihelkaku@apple.com,Female
752,tnicklesskv@biblegateway.com,Female
753,nbrattykw@yellowpages.com,Female
754,lsquirekx@slate.com,Male
755,tbodechonky@is.gd,Female
756,mduckittkz@ucoz.ru,Female
757,ablackmanl0@blogger.com,Male
758,bgristonl1@blogger.com,Female
759,nfouxl2@who.int,Male
760,npetol3@google.com.au,Female
761,smcginnl4@tripadvisor.com,Male
762,aodlinl5@oakley.com,Female
763,cguyverl6@digg.com,Female
764,rcoverdalel7@oracle.com,Female
765,adacostal8@lycos.com,Male
766,ldavidowl9@prlog.org,Female
767,ecubleyla@timesonline.co.uk,Female
768,smephanlb@ucsd.edu,Female
769,cdebrettlc@nature.com,Female
770,emoakesld@statcounter.com,Male
771,tklaassensle@amazon.de,Male
772,jpothburylf@va.gov,Male
773,scruslg@spotify.com,Male
774,ddannellh@flickr.com,Male
775,wpesli@kickstarter.com,Female
776,farnaldolj@wired.com,Female
777,alacaselk@surveymonkey.com,Male
778,arizzelloll@github.io,Male
779,tcoastlm@cbslocal.com,Male
780,rsoarsln@free.fr,Female
781,bbelchlo@skype.com,Female
782,rhalstonlp@ameblo.jp,Female
783,ghaestierlq@bandcamp.com,Female
784,dglentzlr@aboutads.info,Male
785,bsamsinls@prlog.org,Female
786,mzimmerlt@fda.gov,Female
787,kdoaklu@studiopress.com,Male
788,skoppenlv@mapy.cz,Male
789,teliezlw@google.ca,Male
790,bmccookelx@twitpic.com,Female
791,wmartynkaly@ocn.ne.jp,Male
792,ewotherspoonlz@skype.com,Male
793,vliggensm0@sitemeter.com,Female
794,cdmitrovicm1@japanpost.jp,Female
795,phowcroftm2@businessweek.com,Male
796,aaucklandm3@opensource.org,Male
797,metheringtonm4@naver.com,Female
798,hchillingsworthm5@cbsnews.com,Female
799,dfranciottoim6@spotify.com,Female
800,cstebbinsm7@cocolog-nifty.com,Female
801,twallettm8@msn.com,Female
802,ngonthardm9@bbb.org,Female
803,lolandama@pbs.org,Male
804,mbohjemb@tuttocitta.it,Female
805,gkruschovmc@china.com.cn,Male
806,dlemmertzmd@spiegel.de,Female
807,ppeckettme@un.org,Female
808,carringtonmf@fastcompany.com,Male
809,cdallmannmg@wufoo.com,Male
810,ibowgenmh@hud.gov,Male
811,dharemi@photobucket.com,Male
812,ejozsefmj@scribd.com,Female
813,kchurmmk@is.gd,Female
814,dgreenoml@miitbeian.gov.cn,Male
815,sdyemm@is.gd,Female
816,cplowesmn@yandex.ru,Female
817,vblaasemo@google.ru,Female
818,rastridgemp@illinois.edu,Female
819,ccampellimq@ed.gov,Male
820,eeberlemr@flavors.me,Male
821,abartims@youtube.com,Male
822,ldemangemt@fc2.com,Female
823,dheightmu@buzzfeed.com,Male
824,eoloughnanmv@qq.com,Female
825,ushortellmw@cnet.com,Female
826,ssteademx@so-net.ne.jp,Male
827,jhelksmy@auda.org.au,Male
828,gjaycockmz@theguardian.com,Male
829,pessonn0@google.es,Male
830,rdaubern1@bloglovin.com,Male
831,amauricen2@seattletimes.com,Male
832,raughtonn3@canalblog.com,Male
833,rcopinsn4@woothemes.com,Male
834,rwinchcomben5@miitbeian.gov.cn,Male
835,aelsonn6@mapquest.com,Female
836,ckahanen7@ameblo.jp,Male
837,jduggonn8@google.co.jp,Male
838,nfolliottn9@wp.com,Male
839,amiddiffna@dailymotion.com,Male
840,eiremongernb@addthis.com,Male
841,lburkettnc@feedburner.com,Female
842,dpreslandnd@reference.com,Male
843,tcluttonne@fema.gov,Female
844,ccicccittinf@dyndns.org,Male
845,miacovoneng@1688.com,Male
846,creamenh@webeden.co.uk,Male
847,mbrattenni@arizona.edu,Male
848,odowthwaitenj@irs.gov,Male
849,ccrusnk@over-blog.com,Male
850,tdumbltonnl@clickbank.net,Female
851,goakenm@businesswire.com,Male
852,cmapletoftnn@wikispaces.com,Male
853,tblakesno@hexun.com,Female
854,gferraraccionp@friendfeed.com,Female
855,lfautleynq@networksolutions.com,Female
856,eblackbournnr@ucoz.ru,Female
857,ekennyns@wunderground.com,Male
858,dfendtnt@ebay.co.uk,Male
859,anoseworthynu@nhs.uk,Male
860,wlanhamnv@bbb.org,Male
861,asmeathnw@gmpg.org,Female
862,jaitkennx@yahoo.com,Male
863,adewenny@usa.gov,Male
864,cickovnz@home.pl,Female
865,emesiaso0@about.com,Male
866,aennalso1@themeforest.net,Male
867,bmotteo2@jigsy.com,Male
868,egevero3@patch.com,Female
869,doutibridgeo4@sina.com.cn,Male
870,aboulgero5@tuttocitta.it,Female
871,lgoldhillo6@google.de,Female
872,crolfso7@163.com,Female
873,ediggenso8@bing.com,Male
874,lmechico9@unesco.org,Male
875,gbasileoa@domainmarket.com,Female
876,fmoratob@ted.com,Female
877,aledstoneoc@sciencedirect.com,Male
878,ppendleburyod@devhub.com,Male
879,dwhybrowoe@ehow.com,Male
880,eheislerof@youtube.com,Female
881,motierneyog@pbs.org,Male
882,fconboyoh@shutterfly.com,Male
883,frultonoi@alibaba.com,Male
884,wbuchettoj@symantec.com,Female
885,bmccalumok@gravatar.com,Female
886,ltremmilol@slate.com,Female
887,kkeaysom@parallels.com,Male
888,phuygheon@vk.com,Male
889,ggrzelewskioo@dagondesign.com,Female
890,sbroadisop@fastcompany.com,Female
891,aelphoq@marriott.com,Male
892,grosenstockor@howstuffworks.com,Female
893,teastmeados@ezinearticles.com,Female
894,dnewsteadot@goodreads.com,Male
895,cfordhamou@miitbeian.gov.cn,Male
896,lfeldmanov@usda.gov,Female
897,llamburneow@imgur.com,Female
898,dbullerox@springer.com,Female
899,epriestoy@odnoklassniki.ru,Male
900,emullyoz@census.gov,Male
901,cpauncefortp0@google.fr,Female
902,ddodingp1@squidoo.com,Female
903,afinchamp2@adobe.com,Female
904,wfarmarp3@1688.com,Female
905,akivlehanp4@sourceforge.net,Male
906,phanniganp5@typepad.com,Male
907,mfrewerp6@bravesites.com,Female
908,tgallymorep7@fema.gov,Male
909,enorwellp8@1688.com,Female
910,lohingertyp9@nytimes.com,Male
911,ykestinpa@meetup.com,Female
912,asleighpb@macromedia.com,Female
913,clettsonpc@lulu.com,Female
914,creaperpd@about.me,Female
915,hbeneixpe@ted.com,Female
916,aellampf@hugedomains.com,Female
917,iawmackpg@creativecommons.org,Male
918,dcammoileph@webnode.com,Female
919,ldenisckepi@engadget.com,Female
920,mnajerapj@psu.edu,Male
921,mbellypk@craigslist.org,Female
922,sdavidavidovicspl@pcworld.com,Male
923,ebalsilliepm@unesco.org,Male
924,awallworkepn@businessweek.com,Female
925,ctitcombepo@usa.gov,Female
926,frappspp@free.fr,Female
927,fantonuccipq@uiuc.edu,Male
928,lperopr@businessweek.com,Male
929,cbanthamps@intel.com,Male
930,jstodartpt@friendfeed.com,Female
931,tmarchentpu@edublogs.org,Male
932,jreilingenpv@usa.gov,Male
933,mbaggotpw@boston.com,Male
934,flarimerpx@redcross.org,Female
935,rlaurencepy@clickbank.net,Female
936,tdebenedettipz@state.tx.us,Female
937,lbickerdykeq0@si.edu,Female
938,conionq1@webnode.com,Male
939,clutmanq2@nationalgeographic.com,Male
940,syeldq3@spotify.com,Female
941,tcastroq4@ca.gov,Female
942,tahlfq5@cyberchimps.com,Male
943,eminchellq6@prlog.org,Female
944,hgroundwaterq7@nhs.uk,Female
945,mcombesq8@springer.com,Male
946,bspurdonq9@constantcontact.com,Male
947,agossipinqa@techcrunch.com,Male
948,kdaverenqb@icio.us,Male
949,tkernesqc@wikia.com,Female
950,cdanilevichqd@businessinsider.com,Male
951,ewilcockqe@google.ca,Female
952,oocorhaneqf@163.com,Male
953,fcuxsonqg@github.com,Male
954,emusicoqh@dropbox.com,Female
955,lbradyqi@addthis.com,Female
956,ktriponyqj@nytimes.com,Male
957,kgrocockqk@github.io,Male
958,gsaffrinql@simplemachines.org,Male
959,wbierlingqm@seesaa.net,Female
960,mmaconqn@cdc.gov,Female
961,gdeangelisqo@shop-pro.jp,Female
962,aszymanskiqp@amazon.de,Male
963,gcervantesqq@dell.com,Male
964,lbetunqr@admin.ch,Male
965,zpomeroyqs@hp.com,Female
966,gbrockettqt@jimdo.com,Female
967,slettucequ@delicious.com,Male
968,sparkesqv@usnews.com,Female
969,ffallsqw@walmart.com,Female
970,wtroakeqx@google.nl,Female
971,lashleeqy@vimeo.com,Female
972,jlinckeqz@ucla.edu,Male
973,tocuolahanr0@webnode.com,Male
974,bkorneevr1@reference.com,Female
975,jnewhouser2@google.it,Female
976,pconleyr3@delicious.com,Male
977,lhellinr4@comcast.net,Male
978,ccardiffr5@topsy.com,Male
979,tgrubbr6@google.fr,Male
980,rpatingtonr7@prweb.com,Male
981,hiacofor8@apache.org,Female
982,rdunningr9@nifty.com,Male
983,mgotcherra@webmd.com,Male
984,bvarvellrb@umn.edu,Female
985,amerrellrc@rediff.com,Female
986,bsteagallrd@ucoz.ru,Male
987,nebournere@meetup.com,Male
988,dtwydellrf@photobucket.com,Male
989,cmackombrg@phoca.cz,Female
990,kcostellorh@bizjournals.com,Male
991,apikeri@ucoz.ru,Female
992,pmackierj@cnn.com,Male
993,bcookmanrk@nasa.gov,Male
994,eworwoodrl@indiatimes.com,Male
995,ahardikerrm@economist.com,Female
996,bmcmarquisrn@canalblog.com,Male
997,pgianottiro@over-blog.com,Female
998,tdunnionrp@aol.com,Female
999,jwroutrq@usgs.gov,Male
1000,hcronshawrr@wufoo.com,Male
